{
   "test:rmse": 1.3058278560638428,
   "bias_lr": 0.010000000000000004,
   "epochs": 70,
   "factors_lr": 0.00030835524922681633,
   "linear_lr": 0.0015558027600412587,
   "mini_batch_size": 128
}