{
   "test:rmse": 1.3187824487686157,
   "bias_lr": 0.4985618765610037,
   "epochs": 74,
   "factors_lr": 0.00026516894335697823,
   "linear_lr": 0.003562123718775055,
   "mini_batch_size": 380
}